job_title,description
Software Engineer,Design, develop, test, and maintain software applications
Data Scientist,Analyze and interpret complex data to help make business decisions
Web Developer,Build and maintain websites and web applications
DevOps Engineer,Streamline software development and deployment processes
Product Manager,Define product vision and work with cross-functional teams
UX/UI Designer,Create user-centered design solutions
Data Analyst,Interpret data and turn it into insights
Machine Learning Engineer,Design and implement machine learning models
Cybersecurity Analyst,Protect systems and networks from cyber threats
Cloud Architect,Design and manage cloud computing strategies
